url,id,price,baths,rooms,sqft
https://www.idealista.com/inmueble/104027174/,104027174,1920000,3,3,183
https://www.idealista.com/inmueble/102321942/,102321942,1995000,3,3,170
https://www.idealista.com/inmueble/103334142/,103334142,1300000,3,4,270
https://www.idealista.com/inmueble/104161987/,104161987,1650000,3,3,248
https://www.idealista.com/inmueble/103989666/,103989666,1590750,3,3,116
https://www.idealista.com/inmueble/103789810/,103789810,1190000,2,2,112
https://www.idealista.com/inmueble/103653079/,103653079,675000,2,3,153
https://www.idealista.com/inmueble/101184519/,101184519,752248,2,3,132
https://www.idealista.com/inmueble/101582665/,101582665,995000,3,3,160
https://www.idealista.com/inmueble/102908373/,102908373,1295000,3,4,229
https://www.idealista.com/inmueble/102164326/,102164326,1175000,3,3,178
https://www.idealista.com/inmueble/103226676/,103226676,1075000,3,3,169
https://www.idealista.com/inmueble/103326278/,103326278,1970000,4,4,283
https://www.idealista.com/inmueble/103741155/,103741155,1800000,4,3,214
https://www.idealista.com/inmueble/99800337/,99800337,990000,4,5,292
https://www.idealista.com/inmueble/103380338/,103380338,1255000,3,3,153
https://www.idealista.com/inmueble/103725861/,103725861,780000,2,2,117
https://www.idealista.com/inmueble/103945052/,103945052,1200000,4,4,300
https://www.idealista.com/inmueble/102734644/,102734644,1125000,3,3,173
https://www.idealista.com/inmueble/100705920/,100705920,1200000,4,5,240
https://www.idealista.com/inmueble/102016656/,102016656,698000,2,2,108
https://www.idealista.com/inmueble/103584327/,103584327,470000,2,3,95
https://www.idealista.com/inmueble/102659638/,102659638,475000,2,3,112
https://www.idealista.com/inmueble/103989883/,103989883,1950000,4,3,175
https://www.idealista.com/inmueble/100594240/,100594240,950000,3,3,154
https://www.idealista.com/inmueble/101762237/,101762237,750000,3,5,156
https://www.idealista.com/inmueble/100313608/,100313608,1500000,2,2,168
https://www.idealista.com/inmueble/103962014/,103962014,930000,4,5,265
https://www.idealista.com/inmueble/104135920/,104135920,710000,2,3,127
https://www.idealista.com/inmueble/103544692/,103544692,730000,2,2,125
https://www.idealista.com/inmueble/99170917/,99170917,1300000,4,3,133
https://www.idealista.com/inmueble/103875423/,103875423,380000,1,3,75
https://www.idealista.com/inmueble/101218350/,101218350,720000,2,3,212
https://www.idealista.com/inmueble/103550987/,103550987,1400000,2,4,236
https://www.idealista.com/inmueble/103565392/,103565392,1100000,3,3,160
https://www.idealista.com/inmueble/103922462/,103922462,575000,2,3,105
https://www.idealista.com/inmueble/102043013/,102043013,1200000,2,2,124
https://www.idealista.com/inmueble/103213133/,103213133,325000,1,2,76
https://www.idealista.com/inmueble/103206789/,103206789,1100000,3,5,199
https://www.idealista.com/inmueble/104082596/,104082596,550000,1,2,97
https://www.idealista.com/inmueble/104044247/,104044247,675000,2,1,91
https://www.idealista.com/inmueble/104078723/,104078723,1050000,4,6,259
https://www.idealista.com/inmueble/104106806/,104106806,320000,1,2,52
https://www.idealista.com/inmueble/103908932/,103908932,530000,2,3,93
https://www.idealista.com/inmueble/103965299/,103965299,550000,2,3,112
https://www.idealista.com/inmueble/103341264/,103341264,780000,1,2,102
https://www.idealista.com/inmueble/102960112/,102960112,1080000,2,4,200
https://www.idealista.com/inmueble/104047297/,104047297,238000,1,2,51
https://www.idealista.com/inmueble/103958094/,103958094,557000,2,3,91
https://www.idealista.com/inmueble/102455413/,102455413,1400000,4,3,125
https://www.idealista.com/inmueble/103394966/,103394966,750000,2,2,101
https://www.idealista.com/inmueble/97029619/,97029619,795000,3,4,175
https://www.idealista.com/inmueble/101059345/,101059345,750000,2,4,146
https://www.idealista.com/inmueble/103512443/,103512443,425000,1,2,69
https://www.idealista.com/inmueble/100666282/,100666282,560000,2,5,148
https://www.idealista.com/inmueble/103365766/,103365766,1080000,2,2,101
https://www.idealista.com/inmueble/102881787/,102881787,1420000,2,2,107
https://www.idealista.com/inmueble/104049629/,104049629,233000,1,1,40
https://www.idealista.com/inmueble/103064165/,103064165,590000,2,3,143
https://www.idealista.com/inmueble/103208634/,103208634,850000,2,3,145
https://www.idealista.com/inmueble/99454635/,99454635,800000,3,5,213
https://www.idealista.com/inmueble/104154729/,104154729,850000,1,4,139
https://www.idealista.com/inmueble/103853166/,103853166,330000,1,2,60
https://www.idealista.com/inmueble/99609228/,99609228,529900,1,2,88
https://www.idealista.com/inmueble/103216057/,103216057,695000,2,2,141
https://www.idealista.com/inmueble/102892813/,102892813,1450000,4,5,258
https://www.idealista.com/inmueble/103173584/,103173584,859000,3,3,133
https://www.idealista.com/inmueble/103535986/,103535986,1095000,3,3,188
https://www.idealista.com/inmueble/103688214/,103688214,880000,2,5,164
https://www.idealista.com/inmueble/102169762/,102169762,910000,4,5,207
https://www.idealista.com/inmueble/101641283/,101641283,839000,2,2,106
https://www.idealista.com/inmueble/102311214/,102311214,1049000,2,3,158
https://www.idealista.com/inmueble/102169501/,102169501,599000,2,2,107
https://www.idealista.com/inmueble/104137578/,104137578,850000,2,3,135
https://www.idealista.com/inmueble/104135491/,104135491,1290000,4,4,234
https://www.idealista.com/inmueble/101605287/,101605287,1190000,4,5,231
https://www.idealista.com/inmueble/103937233/,103937233,560000,2,3,74
https://www.idealista.com/inmueble/100638364/,100638364,695000,2,2,262
https://www.idealista.com/inmueble/103920819/,103920819,979000,2,3,154
https://www.idealista.com/inmueble/103272306/,103272306,840000,3,4,254
https://www.idealista.com/inmueble/102032315/,102032315,1750000,3,4,220
https://www.idealista.com/inmueble/102509815/,102509815,899000,2,3,177
https://www.idealista.com/inmueble/103963842/,103963842,1300000,3,3,179
https://www.idealista.com/inmueble/103473980/,103473980,359000,1,1,86
https://www.idealista.com/inmueble/104102804/,104102804,993000,2,4,165
https://www.idealista.com/inmueble/104049327/,104049327,515000,1,2,78
https://www.idealista.com/inmueble/104067384/,104067384,1200000,2,4,174
https://www.idealista.com/inmueble/103951759/,103951759,1900000,4,3,193
https://www.idealista.com/inmueble/101394964/,101394964,1500000,3,3,137
https://www.idealista.com/inmueble/103078794/,103078794,378000,2,3,104
https://www.idealista.com/inmueble/104156893/,104156893,164000,1,3,67
https://www.idealista.com/inmueble/103868194/,103868194,1420000,2,4,185
https://www.idealista.com/inmueble/102732294/,102732294,410000,2,2,68
https://www.idealista.com/inmueble/104182500/,104182500,780000,2,2,57
https://www.idealista.com/inmueble/103795261/,103795261,2000000,3,4,216
https://www.idealista.com/inmueble/101827298/,101827298,1300000,4,3,121
https://www.idealista.com/inmueble/98711049/,98711049,330000,2,2,80
https://www.idealista.com/inmueble/101304008/,101304008,719000,3,3,87
https://www.idealista.com/inmueble/102160165/,102160165,517000,2,3,109
https://www.idealista.com/inmueble/103206000/,103206000,490000,2,3,108
https://www.idealista.com/inmueble/102115361/,102115361,820000,4,5,287
https://www.idealista.com/inmueble/102245077/,102245077,435000,1,2,82
https://www.idealista.com/inmueble/102544248/,102544248,399000,1,2,75
https://www.idealista.com/inmueble/102641086/,102641086,1550000,3,3,156
https://www.idealista.com/inmueble/102907103/,102907103,549000,2,3,127
https://www.idealista.com/inmueble/102346709/,102346709,430000,2,2,76
https://www.idealista.com/inmueble/102608063/,102608063,450000,2,3,94
https://www.idealista.com/inmueble/104005337/,104005337,870000,2,3,177
https://www.idealista.com/inmueble/104022088/,104022088,460000,1,4,126
https://www.idealista.com/inmueble/103713258/,103713258,338000,1,1,67
https://www.idealista.com/inmueble/101480514/,101480514,132000,1,1,46
https://www.idealista.com/inmueble/103174629/,103174629,530000,1,2,78
https://www.idealista.com/inmueble/103587430/,103587430,1129000,3,2,98
https://www.idealista.com/inmueble/103151161/,103151161,439000,2,2,103
https://www.idealista.com/inmueble/103346480/,103346480,695000,2,4,125
https://www.idealista.com/inmueble/104123716/,104123716,950000,2,4,169
https://www.idealista.com/inmueble/103530233/,103530233,250000,1,1,45
https://www.idealista.com/inmueble/104127452/,104127452,1250000,4,5,302
https://www.idealista.com/inmueble/103114156/,103114156,860000,2,2,195
https://www.idealista.com/inmueble/102985937/,102985937,1490000,3,2,133
https://www.idealista.com/inmueble/102879081/,102879081,550000,1,2,97
https://www.idealista.com/inmueble/103259248/,103259248,649000,2,2,73
https://www.idealista.com/inmueble/103408717/,103408717,442327,2,0,91
https://www.idealista.com/inmueble/98278910/,98278910,485000,1,1,48
https://www.idealista.com/inmueble/104185411/,104185411,1095000,3,4,270
https://www.idealista.com/inmueble/104201772/,104201772,345000,2,3,98
https://www.idealista.com/inmueble/103696249/,103696249,400000,2,3,118
https://www.idealista.com/inmueble/98988917/,98988917,900000,3,3,138
https://www.idealista.com/inmueble/104005072/,104005072,1850000,3,4,297
https://www.idealista.com/inmueble/104157401/,104157401,960000,2,6,204
https://www.idealista.com/inmueble/99806367/,99806367,789000,3,3,107
https://www.idealista.com/inmueble/99121954/,99121954,315000,1,1,65
https://www.idealista.com/inmueble/101783327/,101783327,995000,2,2,106
https://www.idealista.com/inmueble/103493531/,103493531,1490000,3,2,133
https://www.idealista.com/inmueble/103470749/,103470749,1349000,3,3,183
https://www.idealista.com/inmueble/103699281/,103699281,697000,1,2,122
https://www.idealista.com/inmueble/104073313/,104073313,500000,1,2,96
https://www.idealista.com/inmueble/103054807/,103054807,1750000,3,2,150
https://www.idealista.com/inmueble/104008874/,104008874,1850000,3,4,297
https://www.idealista.com/inmueble/103463278/,103463278,890000,2,3,121
https://www.idealista.com/inmueble/102344971/,102344971,375000,1,3,92
https://www.idealista.com/inmueble/104205495/,104205495,369000,2,2,75
https://www.idealista.com/inmueble/101779950/,101779950,849000,2,2,83
https://www.idealista.com/inmueble/104204737/,104204737,385000,2,3,92
https://www.idealista.com/inmueble/101371153/,101371153,1450000,4,5,258
https://www.idealista.com/inmueble/101546808/,101546808,790000,3,3,137
https://www.idealista.com/inmueble/102825728/,102825728,1680000,3,3,150
https://www.idealista.com/inmueble/99854017/,99854017,1450000,3,3,223
https://www.idealista.com/inmueble/103903962/,103903962,1710000,4,3,206
https://www.idealista.com/inmueble/101851449/,101851449,950000,3,3,119
https://www.idealista.com/inmueble/103648302/,103648302,1050000,2,3,133
https://www.idealista.com/inmueble/103619103/,103619103,1099000,4,4,166
https://www.idealista.com/inmueble/103911199/,103911199,525000,2,3,104
https://www.idealista.com/inmueble/100979707/,100979707,610000,2,2,113
https://www.idealista.com/inmueble/103794965/,103794965,1200000,2,3,140
https://www.idealista.com/inmueble/103938571/,103938571,950000,3,3,120
https://www.idealista.com/inmueble/103938610/,103938610,1349000,3,3,137
https://www.idealista.com/inmueble/104156897/,104156897,229000,2,3,118
https://www.idealista.com/inmueble/99596854/,99596854,1950000,3,5,236
https://www.idealista.com/inmueble/102654124/,102654124,1380000,2,4,145
https://www.idealista.com/inmueble/104200534/,104200534,260000,1,0,78
https://www.idealista.com/inmueble/103859540/,103859540,1400000,3,2,138
https://www.idealista.com/inmueble/103085104/,103085104,1300000,3,4,257
https://www.idealista.com/inmueble/104138778/,104138778,499000,1,3,88
https://www.idealista.com/inmueble/98040774/,98040774,715000,1,2,117
https://www.idealista.com/inmueble/104015718/,104015718,1049000,3,2,115
https://www.idealista.com/inmueble/101643400/,101643400,1190000,2,3,135
https://www.idealista.com/inmueble/103801663/,103801663,850000,2,3,131
https://www.idealista.com/inmueble/103283712/,103283712,680000,2,3,137
https://www.idealista.com/inmueble/103884425/,103884425,535000,3,4,133
https://www.idealista.com/inmueble/101342446/,101342446,410000,1,0,146
https://www.idealista.com/inmueble/101603533/,101603533,1300000,3,3,179
https://www.idealista.com/inmueble/102972043/,102972043,648000,2,4,216
https://www.idealista.com/inmueble/102771614/,102771614,680000,1,2,99
https://www.idealista.com/inmueble/103708009/,103708009,550000,2,2,88
https://www.idealista.com/inmueble/104095745/,104095745,710000,2,3,127
https://www.idealista.com/inmueble/101968203/,101968203,660000,3,5,202
https://www.idealista.com/inmueble/103869856/,103869856,199000,1,1,14
https://www.idealista.com/inmueble/103475168/,103475168,850000,3,4,238
https://www.idealista.com/inmueble/103076189/,103076189,1097000,3,3,150
https://www.idealista.com/inmueble/102963420/,102963420,675000,1,2,139
https://www.idealista.com/inmueble/99591025/,99591025,870000,2,4,169
https://www.idealista.com/inmueble/101826558/,101826558,1650000,3,4,238
https://www.idealista.com/inmueble/103507521/,103507521,595000,1,3,89
https://www.idealista.com/inmueble/103173737/,103173737,1190000,3,2,110
https://www.idealista.com/inmueble/103429135/,103429135,525000,1,4,131
https://www.idealista.com/inmueble/104022587/,104022587,1700000,4,4,232
https://www.idealista.com/inmueble/103836333/,103836333,1038800,3,3,205
https://www.idealista.com/inmueble/103599453/,103599453,1800000,4,3,150
https://www.idealista.com/inmueble/97917046/,97917046,529900,1,2,88
https://www.idealista.com/inmueble/102790058/,102790058,958800,4,4,150
https://www.idealista.com/inmueble/103903776/,103903776,675000,2,2,102
https://www.idealista.com/inmueble/103773097/,103773097,267000,1,0,39
https://www.idealista.com/inmueble/104187562/,104187562,789000,3,3,100
https://www.idealista.com/inmueble/104035132/,104035132,1670000,3,4,158
https://www.idealista.com/inmueble/103778071/,103778071,1175000,2,2,153
https://www.idealista.com/inmueble/104083892/,104083892,260000,1,2,66
https://www.idealista.com/inmueble/104182668/,104182668,1980000,3,3,236
https://www.idealista.com/inmueble/104150434/,104150434,475000,1,1,72
https://www.idealista.com/inmueble/103696378/,103696378,319000,1,1,50
https://www.idealista.com/inmueble/104174688/,104174688,1660000,3,3,228
https://www.idealista.com/inmueble/104009374/,104009374,1920000,3,3,211
https://www.idealista.com/inmueble/103941036/,103941036,1650000,2,2,137
https://www.idealista.com/inmueble/101795782/,101795782,1300000,3,4,235
https://www.idealista.com/inmueble/99081222/,99081222,1290000,3,5,166
https://www.idealista.com/inmueble/103622559/,103622559,510000,1,3,83
https://www.idealista.com/inmueble/104111429/,104111429,1375000,3,4,247
https://www.idealista.com/inmueble/102150704/,102150704,795000,2,3,138
https://www.idealista.com/inmueble/103868199/,103868199,875000,2,3,140
https://www.idealista.com/inmueble/102825445/,102825445,1125000,3,4,173
https://www.idealista.com/inmueble/102805100/,102805100,995000,2,2,125
https://www.idealista.com/inmueble/103727228/,103727228,475000,1,2,75
https://www.idealista.com/inmueble/103886121/,103886121,250000,1,1,40
https://www.idealista.com/inmueble/103758946/,103758946,1250000,3,4,230
https://www.idealista.com/inmueble/103393264/,103393264,569000,1,1,46
https://www.idealista.com/inmueble/100082943/,100082943,795000,2,4,200
https://www.idealista.com/inmueble/103985051/,103985051,689000,2,3,161
https://www.idealista.com/inmueble/103648541/,103648541,420000,2,3,73
https://www.idealista.com/inmueble/104048486/,104048486,625000,2,3,125
https://www.idealista.com/inmueble/103761543/,103761543,777000,1,2,111
https://www.idealista.com/inmueble/103339907/,103339907,1375000,3,5,197
https://www.idealista.com/inmueble/103372456/,103372456,799000,3,6,143
https://www.idealista.com/inmueble/103775208/,103775208,777000,1,2,111
https://www.idealista.com/inmueble/104103419/,104103419,850000,3,3,151
https://www.idealista.com/inmueble/102897038/,102897038,660000,1,2,107
https://www.idealista.com/inmueble/103199813/,103199813,720000,2,2,87
https://www.idealista.com/inmueble/100248976/,100248976,950000,2,2,120
https://www.idealista.com/inmueble/103185819/,103185819,555000,2,3,110
https://www.idealista.com/inmueble/103695243/,103695243,1230000,4,3,225
https://www.idealista.com/inmueble/102093483/,102093483,1200000,2,2,124
https://www.idealista.com/inmueble/103246204/,103246204,317000,1,2,60
https://www.idealista.com/inmueble/103516984/,103516984,350000,2,4,116
https://www.idealista.com/inmueble/100904586/,100904586,1575000,2,2,189
https://www.idealista.com/inmueble/104009726/,104009726,950000,2,4,157
https://www.idealista.com/inmueble/103909133/,103909133,777000,1,2,111
https://www.idealista.com/inmueble/102684554/,102684554,1690000,4,5,252
https://www.idealista.com/inmueble/104200454/,104200454,1760000,3,3,145
https://www.idealista.com/inmueble/102839114/,102839114,1050000,3,5,265
https://www.idealista.com/inmueble/103253544/,103253544,1550000,2,7,272
https://www.idealista.com/inmueble/102130545/,102130545,695000,2,3,120
https://www.idealista.com/inmueble/102189591/,102189591,1580000,3,3,182
https://www.idealista.com/inmueble/102415482/,102415482,475000,1,1,79
https://www.idealista.com/inmueble/103859640/,103859640,780000,2,2,74
https://www.idealista.com/inmueble/102612566/,102612566,385000,1,3,97
https://www.idealista.com/inmueble/102230304/,102230304,515000,2,3,79
https://www.idealista.com/inmueble/103815153/,103815153,1150000,3,3,152
https://www.idealista.com/inmueble/103990661/,103990661,790000,1,1,62
https://www.idealista.com/inmueble/98970567/,98970567,990000,2,3,146
https://www.idealista.com/inmueble/102445673/,102445673,945000,2,3,159
https://www.idealista.com/inmueble/102623733/,102623733,1705000,3,3,138
https://www.idealista.com/inmueble/103860190/,103860190,450000,2,3,105
https://www.idealista.com/inmueble/102825903/,102825903,365900,2,3,105
https://www.idealista.com/inmueble/103627521/,103627521,249900,1,2,70
https://www.idealista.com/inmueble/103745646/,103745646,850000,2,3,128
https://www.idealista.com/inmueble/103646317/,103646317,269900,2,3,85
https://www.idealista.com/inmueble/104112613/,104112613,385000,1,1,56
https://www.idealista.com/inmueble/102560380/,102560380,214900,1,2,70
https://www.idealista.com/inmueble/102812546/,102812546,349000,1,1,80
https://www.idealista.com/inmueble/102802128/,102802128,345000,1,1,55
https://www.idealista.com/inmueble/102777616/,102777616,290000,1,1,96
https://www.idealista.com/inmueble/102912846/,102912846,480000,2,3,100
https://www.idealista.com/inmueble/102746764/,102746764,1530000,2,2,133
https://www.idealista.com/inmueble/102065964/,102065964,335000,2,2,70
https://www.idealista.com/inmueble/104064086/,104064086,595000,2,4,123
https://www.idealista.com/inmueble/103685979/,103685979,995000,4,4,240
https://www.idealista.com/inmueble/103911168/,103911168,260000,1,1,60
https://www.idealista.com/inmueble/103863614/,103863614,770000,2,4,123
https://www.idealista.com/inmueble/102703551/,102703551,535000,2,4,150
https://www.idealista.com/inmueble/103864441/,103864441,145000,1,3,54
https://www.idealista.com/inmueble/102893712/,102893712,680000,1,2,92
https://www.idealista.com/inmueble/104035847/,104035847,279000,1,2,70
https://www.idealista.com/inmueble/103642105/,103642105,548000,1,2,75
https://www.idealista.com/inmueble/103681802/,103681802,179000,1,1,71
https://www.idealista.com/inmueble/103893120/,103893120,299000,1,1,41
https://www.idealista.com/inmueble/103266720/,103266720,339000,2,3,87
https://www.idealista.com/inmueble/103035144/,103035144,404000,1,1,67
https://www.idealista.com/inmueble/98341437/,98341437,285000,2,2,91
https://www.idealista.com/inmueble/99990072/,99990072,525000,2,2,107
https://www.idealista.com/inmueble/102871469/,102871469,579000,2,3,145
https://www.idealista.com/inmueble/95798532/,95798532,779000,3,3,176
https://www.idealista.com/inmueble/99777508/,99777508,388000,1,1,61
https://www.idealista.com/inmueble/102998789/,102998789,180000,1,2,92
https://www.idealista.com/inmueble/102404641/,102404641,388000,1,1,61
https://www.idealista.com/inmueble/103681796/,103681796,265000,2,2,97
https://www.idealista.com/inmueble/103523871/,103523871,675000,2,3,152
https://www.idealista.com/inmueble/102848743/,102848743,690000,2,3,113
https://www.idealista.com/inmueble/103551236/,103551236,1129500,2,3,188
https://www.idealista.com/inmueble/103490382/,103490382,388000,2,4,144
https://www.idealista.com/inmueble/102245298/,102245298,799000,4,5,180
https://www.idealista.com/inmueble/103983460/,103983460,550000,2,2,69
https://www.idealista.com/inmueble/100367635/,100367635,1150000,3,4,158
https://www.idealista.com/inmueble/104010453/,104010453,1598000,3,3,116
https://www.idealista.com/inmueble/102243570/,102243570,1200000,2,2,114
https://www.idealista.com/inmueble/100260573/,100260573,1400000,4,3,125
https://www.idealista.com/inmueble/102126545/,102126545,879000,2,2,76
https://www.idealista.com/inmueble/103775576/,103775576,1400000,3,4,173
https://www.idealista.com/inmueble/102200705/,102200705,309000,1,1,45
https://www.idealista.com/inmueble/102695563/,102695563,850000,3,4,238
https://www.idealista.com/inmueble/103636533/,103636533,1250000,3,4,182
https://www.idealista.com/inmueble/94844238/,94844238,262500,1,1,63
https://www.idealista.com/inmueble/102974045/,102974045,1300000,4,4,247
https://www.idealista.com/inmueble/101759629/,101759629,920000,4,5,217
https://www.idealista.com/inmueble/102538549/,102538549,970000,4,4,279
https://www.idealista.com/inmueble/103684526/,103684526,203000,1,1,47
https://www.idealista.com/inmueble/103239014/,103239014,1490000,4,5,240
https://www.idealista.com/inmueble/102813779/,102813779,1050000,3,5,265
https://www.idealista.com/inmueble/103670768/,103670768,460000,2,2,104
https://www.idealista.com/inmueble/101876822/,101876822,720000,2,3,212
https://www.idealista.com/inmueble/102233469/,102233469,2075000,4,4,284
https://www.idealista.com/inmueble/102151331/,102151331,1150000,2,4,244
https://www.idealista.com/inmueble/103350945/,103350945,880000,3,4,239
https://www.idealista.com/inmueble/102425451/,102425451,735000,2,2,107
https://www.idealista.com/inmueble/103854509/,103854509,945000,2,3,159
https://www.idealista.com/inmueble/103848080/,103848080,599000,2,3,106
https://www.idealista.com/inmueble/103872967/,103872967,1650000,3,4,290
https://www.idealista.com/inmueble/97406282/,97406282,685000,3,2,166
https://www.idealista.com/inmueble/99095593/,99095593,1175000,3,4,171
https://www.idealista.com/inmueble/102787124/,102787124,899000,2,3,177
https://www.idealista.com/inmueble/103283610/,103283610,329900,2,2,80
https://www.idealista.com/inmueble/103760697/,103760697,1575000,2,2,209
https://www.idealista.com/inmueble/103327888/,103327888,1495000,3,4,224
https://www.idealista.com/inmueble/101329238/,101329238,795000,2,3,128
https://www.idealista.com/inmueble/103754534/,103754534,949000,2,2,111
https://www.idealista.com/inmueble/102347197/,102347197,698000,2,2,108
https://www.idealista.com/inmueble/103777186/,103777186,450000,1,3,78
https://www.idealista.com/inmueble/100001075/,100001075,1715000,2,4,130
https://www.idealista.com/inmueble/102621287/,102621287,650000,2,2,68
https://www.idealista.com/inmueble/102907381/,102907381,1320000,3,4,255
https://www.idealista.com/inmueble/103713270/,103713270,299000,2,3,154
https://www.idealista.com/inmueble/98857138/,98857138,1450000,3,4,218
https://www.idealista.com/inmueble/100112222/,100112222,1097900,3,4,203
https://www.idealista.com/inmueble/102956518/,102956518,390000,1,0,64
https://www.idealista.com/inmueble/102749753/,102749753,910000,4,5,207
https://www.idealista.com/inmueble/101932319/,101932319,654000,2,2,159
https://www.idealista.com/inmueble/103244491/,103244491,1078900,3,4,239
https://www.idealista.com/inmueble/103445239/,103445239,749700,2,3,143
https://www.idealista.com/inmueble/103297688/,103297688,288000,1,1,52
https://www.idealista.com/inmueble/102613846/,102613846,760000,2,2,101
https://www.idealista.com/inmueble/102079441/,102079441,920000,3,5,210
https://www.idealista.com/inmueble/102023484/,102023484,300000,1,1,75
https://www.idealista.com/inmueble/91759517/,91759517,560000,2,2,70
https://www.idealista.com/inmueble/103844511/,103844511,150000,1,1,24
https://www.idealista.com/inmueble/104035684/,104035684,1140000,2,3,126
https://www.idealista.com/inmueble/97443699/,97443699,859000,3,3,115
https://www.idealista.com/inmueble/103837003/,103837003,800000,2,3,124
https://www.idealista.com/inmueble/101754195/,101754195,389000,2,2,96
https://www.idealista.com/inmueble/103969586/,103969586,320000,1,2,66
https://www.idealista.com/inmueble/104111691/,104111691,425000,1,3,80
https://www.idealista.com/inmueble/102987026/,102987026,850000,2,2,115
https://www.idealista.com/inmueble/103815602/,103815602,380000,2,2,50
https://www.idealista.com/inmueble/103804125/,103804125,999500,3,5,193
https://www.idealista.com/inmueble/101884148/,101884148,670000,2,4,126
https://www.idealista.com/inmueble/103695926/,103695926,1500000,3,4,173
https://www.idealista.com/inmueble/103251154/,103251154,649000,1,2,73
https://www.idealista.com/inmueble/102878746/,102878746,1356000,2,2,122
https://www.idealista.com/inmueble/103665133/,103665133,1320000,2,3,140
https://www.idealista.com/inmueble/103253325/,103253325,660000,1,1,58
https://www.idealista.com/inmueble/101543462/,101543462,464000,2,3,53
https://www.idealista.com/inmueble/103514575/,103514575,1750000,3,2,143
https://www.idealista.com/inmueble/100997562/,100997562,629900,2,4,133
https://www.idealista.com/inmueble/100601362/,100601362,899000,1,5,144
https://www.idealista.com/inmueble/97659976/,97659976,239900,2,4,157
https://www.idealista.com/inmueble/102191997/,102191997,375000,1,1,66
https://www.idealista.com/inmueble/102916199/,102916199,299000,1,2,61
https://www.idealista.com/inmueble/102530709/,102530709,570000,2,4,160
https://www.idealista.com/inmueble/104073725/,104073725,470000,1,2,91
https://www.idealista.com/inmueble/103801882/,103801882,1330000,3,5,238
https://www.idealista.com/inmueble/103580193/,103580193,370000,1,4,86
https://www.idealista.com/inmueble/103680205/,103680205,670000,2,3,140
https://www.idealista.com/inmueble/103342619/,103342619,598000,1,3,112
https://www.idealista.com/inmueble/102048679/,102048679,610000,2,2,120
https://www.idealista.com/inmueble/103664685/,103664685,125000,1,1,62
https://www.idealista.com/inmueble/102127881/,102127881,520000,3,2,111
https://www.idealista.com/inmueble/101135248/,101135248,745000,3,4,153
https://www.idealista.com/inmueble/103153576/,103153576,155000,1,1,43
https://www.idealista.com/inmueble/101945009/,101945009,498000,2,5,139
https://www.idealista.com/inmueble/103557168/,103557168,865000,2,2,104
https://www.idealista.com/inmueble/101527179/,101527179,560000,2,2,84
https://www.idealista.com/inmueble/103056454/,103056454,700000,1,3,103
https://www.idealista.com/inmueble/103878183/,103878183,140000,1,2,56
https://www.idealista.com/inmueble/103137776/,103137776,799000,2,2,75
https://www.idealista.com/inmueble/104010046/,104010046,369000,1,1,61
https://www.idealista.com/inmueble/102732772/,102732772,1490000,3,3,144
https://www.idealista.com/inmueble/103858120/,103858120,1440000,3,5,277
https://www.idealista.com/inmueble/102352653/,102352653,698000,2,2,108
https://www.idealista.com/inmueble/100883016/,100883016,990000,4,6,293
https://www.idealista.com/inmueble/104144923/,104144923,1170000,2,2,117
https://www.idealista.com/inmueble/103833905/,103833905,370000,1,3,56
https://www.idealista.com/inmueble/103652379/,103652379,1950000,3,4,283
https://www.idealista.com/inmueble/103889765/,103889765,475000,2,4,100
https://www.idealista.com/inmueble/103622704/,103622704,299000,2,3,101
https://www.idealista.com/inmueble/101607359/,101607359,860000,2,2,252
https://www.idealista.com/inmueble/103761116/,103761116,500000,1,1,78
https://www.idealista.com/inmueble/103301383/,103301383,270000,1,1,80
https://www.idealista.com/inmueble/98778094/,98778094,769000,2,2,198
https://www.idealista.com/inmueble/103392885/,103392885,1100000,4,5,224
https://www.idealista.com/inmueble/103326130/,103326130,137000,1,2,68
https://www.idealista.com/inmueble/103656807/,103656807,253000,1,3,80
https://www.idealista.com/inmueble/98412896/,98412896,899000,2,3,204
https://www.idealista.com/inmueble/103780885/,103780885,859000,2,2,88
https://www.idealista.com/inmueble/103459470/,103459470,334740,2,2,102
https://www.idealista.com/inmueble/100390518/,100390518,1499000,3,3,187
https://www.idealista.com/inmueble/104144435/,104144435,155000,1,2,74
https://www.idealista.com/inmueble/103277763/,103277763,259000,1,2,54
https://www.idealista.com/inmueble/102389393/,102389393,1410000,2,3,118
https://www.idealista.com/inmueble/103483395/,103483395,850000,2,2,118
https://www.idealista.com/inmueble/103869286/,103869286,1300000,3,3,165
https://www.idealista.com/inmueble/103982733/,103982733,940500,2,3,168
https://www.idealista.com/inmueble/93571415/,93571415,950000,2,3,150
https://www.idealista.com/inmueble/102498211/,102498211,1445000,3,3,263
https://www.idealista.com/inmueble/102981559/,102981559,749000,2,2,104
https://www.idealista.com/inmueble/103719012/,103719012,430000,1,1,82
https://www.idealista.com/inmueble/103374280/,103374280,865000,2,2,127
https://www.idealista.com/inmueble/103237951/,103237951,780000,2,2,74
https://www.idealista.com/inmueble/103212018/,103212018,895000,2,3,101
https://www.idealista.com/inmueble/103566834/,103566834,1400000,2,3,150
https://www.idealista.com/inmueble/103247149/,103247149,875000,2,3,134
https://www.idealista.com/inmueble/103921715/,103921715,350000,1,1,79
https://www.idealista.com/inmueble/102991591/,102991591,1250000,4,5,276
https://www.idealista.com/inmueble/103957659/,103957659,240000,1,2,100
https://www.idealista.com/inmueble/104052706/,104052706,300000,2,4,98
https://www.idealista.com/inmueble/103779484/,103779484,1995000,3,3,174
https://www.idealista.com/inmueble/102043012/,102043012,1650000,2,2,181
https://www.idealista.com/inmueble/98848683/,98848683,1360000,3,2,210
https://www.idealista.com/inmueble/100591977/,100591977,1685000,4,4,222
https://www.idealista.com/inmueble/103734323/,103734323,1320000,2,3,140
https://www.idealista.com/inmueble/103632538/,103632538,1400000,3,2,138
https://www.idealista.com/inmueble/103153231/,103153231,900000,2,3,150
https://www.idealista.com/inmueble/103578373/,103578373,880000,3,3,167
https://www.idealista.com/inmueble/103112745/,103112745,800000,2,3,158
https://www.idealista.com/inmueble/103758746/,103758746,720000,1,2,73
https://www.idealista.com/inmueble/100335644/,100335644,1175000,3,4,173
https://www.idealista.com/inmueble/103607713/,103607713,435000,1,2,89
https://www.idealista.com/inmueble/103994532/,103994532,485000,2,3,161
https://www.idealista.com/inmueble/102502922/,102502922,940000,2,3,139
https://www.idealista.com/inmueble/103933718/,103933718,949000,2,3,240
https://www.idealista.com/inmueble/101862816/,101862816,698000,2,2,108
https://www.idealista.com/inmueble/102554931/,102554931,1395000,2,3,177
https://www.idealista.com/inmueble/103159003/,103159003,875000,4,3,215
https://www.idealista.com/inmueble/103736152/,103736152,1450000,4,4,258
https://www.idealista.com/inmueble/103846402/,103846402,1330000,3,5,234
https://www.idealista.com/inmueble/103234900/,103234900,1190000,3,2,86
https://www.idealista.com/inmueble/104037181/,104037181,1850000,4,5,256
https://www.idealista.com/inmueble/102947544/,102947544,699000,3,5,160
https://www.idealista.com/inmueble/103532327/,103532327,1299000,2,5,210
https://www.idealista.com/inmueble/103813031/,103813031,890000,3,3,118
https://www.idealista.com/inmueble/100630851/,100630851,1385000,2,2,166
https://www.idealista.com/inmueble/103870808/,103870808,1760000,2,3,145
https://www.idealista.com/inmueble/103946332/,103946332,859000,2,3,133
https://www.idealista.com/inmueble/103933185/,103933185,900000,2,4,173
https://www.idealista.com/inmueble/103990878/,103990878,640000,2,3,115
https://www.idealista.com/inmueble/103366793/,103366793,1490000,3,4,216
https://www.idealista.com/inmueble/103382089/,103382089,1200000,2,3,243
https://www.idealista.com/inmueble/103679367/,103679367,650000,2,3,150
https://www.idealista.com/inmueble/103916439/,103916439,720000,2,2,125
https://www.idealista.com/inmueble/103884992/,103884992,345000,1,2,42
https://www.idealista.com/inmueble/102812454/,102812454,895000,4,6,272
https://www.idealista.com/inmueble/102373757/,102373757,255900,1,3,93
https://www.idealista.com/inmueble/103257939/,103257939,990000,2,3,102
https://www.idealista.com/inmueble/103843117/,103843117,719000,2,3,120
https://www.idealista.com/inmueble/103553113/,103553113,990000,1,2,104
https://www.idealista.com/inmueble/103963695/,103963695,430000,2,3,91
https://www.idealista.com/inmueble/96246225/,96246225,445000,2,3,104
https://www.idealista.com/inmueble/103842615/,103842615,758500,2,3,170
https://www.idealista.com/inmueble/101576250/,101576250,1160000,3,5,202
https://www.idealista.com/inmueble/103428294/,103428294,169000,1,0,36
https://www.idealista.com/inmueble/103062623/,103062623,900000,2,5,155
https://www.idealista.com/inmueble/102696110/,102696110,229900,1,2,75
https://www.idealista.com/inmueble/92677130/,92677130,660000,1,1,58
https://www.idealista.com/inmueble/103796348/,103796348,420000,1,1,57
https://www.idealista.com/inmueble/102834380/,102834380,270000,1,2,53
https://www.idealista.com/inmueble/103574288/,103574288,299000,1,2,59
https://www.idealista.com/inmueble/36140875/,36140875,675000,3,6,195
https://www.idealista.com/inmueble/99566019/,99566019,1625000,4,3,192
https://www.idealista.com/inmueble/100692928/,100692928,1150000,3,4,174
https://www.idealista.com/inmueble/104061813/,104061813,1175000,2,2,118
https://www.idealista.com/inmueble/102730051/,102730051,620000,2,3,138
https://www.idealista.com/inmueble/84914456/,84914456,660000,2,1,120
https://www.idealista.com/inmueble/103836755/,103836755,435000,2,2,102
https://www.idealista.com/inmueble/101747225/,101747225,920000,4,5,217
https://www.idealista.com/inmueble/102984986/,102984986,660000,2,2,88
https://www.idealista.com/inmueble/101990407/,101990407,290000,1,2,42
https://www.idealista.com/inmueble/101217596/,101217596,750000,2,2,149
https://www.idealista.com/inmueble/103565782/,103565782,850000,2,3,164
https://www.idealista.com/inmueble/103507566/,103507566,1125000,2,4,142
https://www.idealista.com/inmueble/103881198/,103881198,1200000,3,4,209
https://www.idealista.com/inmueble/103883131/,103883131,470000,2,3,121
https://www.idealista.com/inmueble/103462161/,103462161,1490000,2,3,120
https://www.idealista.com/inmueble/102853831/,102853831,1050000,2,2,180
https://www.idealista.com/inmueble/97799867/,97799867,2100000,2,2,131
https://www.idealista.com/inmueble/102818304/,102818304,895000,2,2,102
https://www.idealista.com/inmueble/101622791/,101622791,560000,2,2,84
https://www.idealista.com/inmueble/103645175/,103645175,1100000,2,3,247
https://www.idealista.com/inmueble/100100505/,100100505,1445000,3,3,263
https://www.idealista.com/inmueble/104021671/,104021671,1225000,3,5,229
https://www.idealista.com/inmueble/101859636/,101859636,1050000,3,4,191
https://www.idealista.com/inmueble/103326590/,103326590,810000,2,3,131
https://www.idealista.com/inmueble/103518398/,103518398,720000,2,4,143
https://www.idealista.com/inmueble/104141293/,104141293,750000,3,2,109
https://www.idealista.com/inmueble/103207063/,103207063,1200000,3,4,168
https://www.idealista.com/inmueble/99106784/,99106784,782300,2,3,193
https://www.idealista.com/inmueble/103976109/,103976109,999000,3,3,104
https://www.idealista.com/inmueble/104107054/,104107054,169000,1,2,74
https://www.idealista.com/inmueble/98796920/,98796920,2000000,1,3,142
https://www.idealista.com/inmueble/102962688/,102962688,1290000,3,3,211
https://www.idealista.com/inmueble/102940605/,102940605,1150000,3,3,143
https://www.idealista.com/inmueble/102570349/,102570349,1100000,2,3,100
https://www.idealista.com/inmueble/101981389/,101981389,695000,2,2,262
https://www.idealista.com/inmueble/103629328/,103629328,1650000,3,3,200
https://www.idealista.com/inmueble/103163793/,103163793,1695000,3,3,181
https://www.idealista.com/inmueble/102608307/,102608307,919000,3,3,112
https://www.idealista.com/inmueble/101997920/,101997920,825000,4,4,164
https://www.idealista.com/inmueble/102230177/,102230177,990000,4,5,292
https://www.idealista.com/inmueble/98215508/,98215508,575500,1,2,70
https://www.idealista.com/inmueble/103721703/,103721703,995000,4,4,240
https://www.idealista.com/inmueble/102730570/,102730570,1700000,3,3,124
https://www.idealista.com/inmueble/103431759/,103431759,1100000,2,2,160
https://www.idealista.com/inmueble/102644048/,102644048,1750000,3,4,200
https://www.idealista.com/inmueble/103518522/,103518522,970000,4,4,287
https://www.idealista.com/inmueble/102498200/,102498200,859000,3,3,133
https://www.idealista.com/inmueble/103619394/,103619394,725000,2,5,200
https://www.idealista.com/inmueble/103042820/,103042820,1690000,2,3,133
https://www.idealista.com/inmueble/103687885/,103687885,314000,1,3,76
https://www.idealista.com/inmueble/103685720/,103685720,730000,3,4,158
https://www.idealista.com/inmueble/101617329/,101617329,980000,2,4,130
https://www.idealista.com/inmueble/102264969/,102264969,595000,2,4,140
https://www.idealista.com/inmueble/104138754/,104138754,349000,1,1,51
https://www.idealista.com/inmueble/101909262/,101909262,569000,2,3,104
https://www.idealista.com/inmueble/104150896/,104150896,1890000,3,4,234
https://www.idealista.com/inmueble/103351044/,103351044,1339000,4,3,158
https://www.idealista.com/inmueble/103544931/,103544931,179000,1,3,84
https://www.idealista.com/inmueble/103166697/,103166697,499900,2,4,126
https://www.idealista.com/inmueble/104034163/,104034163,415000,1,1,94
https://www.idealista.com/inmueble/103649900/,103649900,995000,4,4,240
https://www.idealista.com/inmueble/102536579/,102536579,1420000,3,5,185
https://www.idealista.com/inmueble/102960096/,102960096,1400000,3,4,174
https://www.idealista.com/inmueble/103544388/,103544388,1650000,2,4,211
https://www.idealista.com/inmueble/102731792/,102731792,1490000,3,3,142
https://www.idealista.com/inmueble/104049895/,104049895,1350000,4,4,264
https://www.idealista.com/inmueble/103948512/,103948512,650000,2,3,153
https://www.idealista.com/inmueble/103355651/,103355651,670000,2,3,105
https://www.idealista.com/inmueble/103335412/,103335412,875000,2,3,101
https://www.idealista.com/inmueble/103019984/,103019984,1495000,3,4,264
https://www.idealista.com/inmueble/102967577/,102967577,730000,2,2,125
https://www.idealista.com/inmueble/101812830/,101812830,1430000,3,3,164
https://www.idealista.com/inmueble/102540678/,102540678,630000,3,3,132
https://www.idealista.com/inmueble/103179275/,103179275,495000,1,1,98
https://www.idealista.com/inmueble/102529330/,102529330,790000,2,6,167
https://www.idealista.com/inmueble/101754845/,101754845,790000,3,3,137
https://www.idealista.com/inmueble/103707622/,103707622,989000,3,3,112
https://www.idealista.com/inmueble/103920884/,103920884,122000,1,2,48
https://www.idealista.com/inmueble/101350114/,101350114,635000,3,4,151
https://www.idealista.com/inmueble/103190171/,103190171,1090000,3,4,208
https://www.idealista.com/inmueble/102612090/,102612090,399000,1,1,70
https://www.idealista.com/inmueble/103543385/,103543385,719000,2,2,71
https://www.idealista.com/inmueble/103484366/,103484366,1680000,4,3,214
https://www.idealista.com/inmueble/103856542/,103856542,230000,2,3,98
https://www.idealista.com/inmueble/104106316/,104106316,1490000,3,3,145
https://www.idealista.com/inmueble/103140128/,103140128,399000,1,2,81
https://www.idealista.com/inmueble/103410422/,103410422,699000,2,4,126
https://www.idealista.com/inmueble/104176002/,104176002,825000,3,2,144
https://www.idealista.com/inmueble/102571918/,102571918,799000,2,2,75
https://www.idealista.com/inmueble/104015218/,104015218,1100000,2,2,112
https://www.idealista.com/inmueble/102961530/,102961530,1259000,3,3,157
https://www.idealista.com/inmueble/103975633/,103975633,210000,1,0,51
https://www.idealista.com/inmueble/102629744/,102629744,485000,2,3,180
https://www.idealista.com/inmueble/103160327/,103160327,850000,2,2,101
https://www.idealista.com/inmueble/104138632/,104138632,379000,1,1,61
https://www.idealista.com/inmueble/103154865/,103154865,830000,3,4,232
https://www.idealista.com/inmueble/102721448/,102721448,1495000,3,4,224
https://www.idealista.com/inmueble/93273597/,93273597,350000,1,0,61
https://www.idealista.com/inmueble/104182680/,104182680,850000,2,2,100
https://www.idealista.com/inmueble/101403288/,101403288,1195000,2,2,90
https://www.idealista.com/inmueble/103307160/,103307160,1025000,3,4,224
https://www.idealista.com/inmueble/102907781/,102907781,650000,2,3,120
https://www.idealista.com/inmueble/103644207/,103644207,310000,1,3,73
https://www.idealista.com/inmueble/101629426/,101629426,450000,1,2,60
https://www.idealista.com/inmueble/101177858/,101177858,417500,2,2,96
https://www.idealista.com/inmueble/103609976/,103609976,830000,3,4,155
https://www.idealista.com/inmueble/102470726/,102470726,310000,1,2,89
https://www.idealista.com/inmueble/101177870/,101177870,391000,2,2,104
https://www.idealista.com/inmueble/101899257/,101899257,870000,2,2,91
https://www.idealista.com/inmueble/104104309/,104104309,1100000,4,4,263
https://www.idealista.com/inmueble/100375077/,100375077,960000,2,4,150
https://www.idealista.com/inmueble/103651299/,103651299,565000,1,2,62
https://www.idealista.com/inmueble/102662115/,102662115,245000,1,1,70
https://www.idealista.com/inmueble/101231665/,101231665,375000,2,2,60
https://www.idealista.com/inmueble/103431433/,103431433,690000,2,3,138
https://www.idealista.com/inmueble/102267027/,102267027,1380000,2,2,120
https://www.idealista.com/inmueble/102638630/,102638630,345000,1,2,50
https://www.idealista.com/inmueble/102075995/,102075995,1495000,3,3,188
https://www.idealista.com/inmueble/102137523/,102137523,447500,2,2,96
https://www.idealista.com/inmueble/103646169/,103646169,520000,2,3,102
https://www.idealista.com/inmueble/103963043/,103963043,585000,2,2,154
https://www.idealista.com/inmueble/103233698/,103233698,697000,1,2,122
https://www.idealista.com/inmueble/103443480/,103443480,445000,3,3,111
https://www.idealista.com/inmueble/103283574/,103283574,329900,2,2,80
https://www.idealista.com/inmueble/104070408/,104070408,735000,2,3,120
https://www.idealista.com/inmueble/104065926/,104065926,240000,1,1,38
https://www.idealista.com/inmueble/101165186/,101165186,1000000,2,5,186
https://www.idealista.com/inmueble/103519883/,103519883,379900,1,3,116
https://www.idealista.com/inmueble/99839583/,99839583,789000,3,3,107
https://www.idealista.com/inmueble/102322334/,102322334,750000,2,2,127
https://www.idealista.com/inmueble/101247375/,101247375,950000,3,3,127
https://www.idealista.com/inmueble/104201683/,104201683,2055000,3,2,242
https://www.idealista.com/inmueble/102584577/,102584577,849000,3,3,111
https://www.idealista.com/inmueble/103853036/,103853036,899000,3,3,107
https://www.idealista.com/inmueble/104023591/,104023591,780000,1,2,74
https://www.idealista.com/inmueble/103813749/,103813749,198000,1,3,70
https://www.idealista.com/inmueble/103346725/,103346725,1499000,4,3,196
https://www.idealista.com/inmueble/103731299/,103731299,679000,3,2,75
https://www.idealista.com/inmueble/102917576/,102917576,565000,2,3,108
https://www.idealista.com/inmueble/103089497/,103089497,160000,1,1,25
https://www.idealista.com/inmueble/98915195/,98915195,690000,2,4,163
https://www.idealista.com/inmueble/100826383/,100826383,1000000,2,5,186
https://www.idealista.com/inmueble/104048199/,104048199,1800000,4,3,214
https://www.idealista.com/inmueble/103666203/,103666203,1200000,3,3,236
https://www.idealista.com/inmueble/101863713/,101863713,1220000,3,5,194
https://www.idealista.com/inmueble/102233736/,102233736,640000,2,2,100
https://www.idealista.com/inmueble/102992913/,102992913,1312500,3,4,215
https://www.idealista.com/inmueble/102770551/,102770551,358000,2,3,100
https://www.idealista.com/inmueble/104151289/,104151289,580000,1,4,139
https://www.idealista.com/inmueble/103151042/,103151042,425000,1,2,62
https://www.idealista.com/inmueble/103307958/,103307958,595000,2,4,140
https://www.idealista.com/inmueble/98762775/,98762775,829000,3,3,102
https://www.idealista.com/inmueble/101404274/,101404274,1145000,2,4,224
https://www.idealista.com/inmueble/103937753/,103937753,1195000,3,6,213
https://www.idealista.com/inmueble/100367054/,100367054,695000,2,3,135
https://www.idealista.com/inmueble/102905169/,102905169,1075000,2,3,169
https://www.idealista.com/inmueble/95727746/,95727746,950000,3,3,205
https://www.idealista.com/inmueble/102876169/,102876169,308000,1,2,54
https://www.idealista.com/inmueble/104079864/,104079864,1550000,3,3,156
https://www.idealista.com/inmueble/97762354/,97762354,795000,3,2,201
https://www.idealista.com/inmueble/102561685/,102561685,1175000,3,3,165
https://www.idealista.com/inmueble/103835408/,103835408,590000,2,2,93
https://www.idealista.com/inmueble/104161639/,104161639,730000,1,1,81
https://www.idealista.com/inmueble/102867154/,102867154,880000,3,4,180
https://www.idealista.com/inmueble/103767416/,103767416,850000,2,4,182
https://www.idealista.com/inmueble/102159540/,102159540,859000,2,2,88
https://www.idealista.com/inmueble/102493367/,102493367,1200000,2,3,178
https://www.idealista.com/inmueble/101011537/,101011537,350000,1,2,76
https://www.idealista.com/inmueble/103150742/,103150742,1060000,4,5,276
https://www.idealista.com/inmueble/103868800/,103868800,550000,2,2,69
https://www.idealista.com/inmueble/102982273/,102982273,785000,2,2,116
https://www.idealista.com/inmueble/101591958/,101591958,990000,3,5,194
https://www.idealista.com/inmueble/103774314/,103774314,1740000,2,4,172
https://www.idealista.com/inmueble/102871288/,102871288,475000,2,4,98
https://www.idealista.com/inmueble/102943137/,102943137,579000,2,3,118
https://www.idealista.com/inmueble/103170395/,103170395,560000,1,1,88
https://www.idealista.com/inmueble/104011543/,104011543,1250000,2,2,150
https://www.idealista.com/inmueble/102745821/,102745821,1150000,4,5,254
https://www.idealista.com/inmueble/104003668/,104003668,675000,2,3,151
https://www.idealista.com/inmueble/99974735/,99974735,1950000,4,5,240
https://www.idealista.com/inmueble/102992206/,102992206,235000,1,2,64
https://www.idealista.com/inmueble/100670401/,100670401,840000,2,2,81
https://www.idealista.com/inmueble/103684404/,103684404,950000,2,4,157
https://www.idealista.com/inmueble/99676187/,99676187,660000,2,2,121
https://www.idealista.com/inmueble/103106386/,103106386,2055000,3,2,245
https://www.idealista.com/inmueble/103950527/,103950527,750000,2,2,105
https://www.idealista.com/inmueble/103413013/,103413013,1300000,2,4,236
https://www.idealista.com/inmueble/102763125/,102763125,449900,2,3,105
https://www.idealista.com/inmueble/103681086/,103681086,259900,1,2,61
https://www.idealista.com/inmueble/103988273/,103988273,1074000,2,5,179
https://www.idealista.com/inmueble/103733866/,103733866,199000,1,2,66
https://www.idealista.com/inmueble/103135168/,103135168,625000,2,5,117
https://www.idealista.com/inmueble/103988519/,103988519,860000,3,4,191
https://www.idealista.com/inmueble/97887513/,97887513,950000,2,3,125
https://www.idealista.com/inmueble/102123027/,102123027,290000,2,2,62
https://www.idealista.com/inmueble/103512540/,103512540,349000,1,2,82
https://www.idealista.com/inmueble/103990666/,103990666,1300000,3,5,305
https://www.idealista.com/inmueble/102931890/,102931890,299000,1,2,76
https://www.idealista.com/inmueble/100903592/,100903592,850000,3,5,184
https://www.idealista.com/inmueble/104154992/,104154992,609000,2,2,89
https://www.idealista.com/inmueble/102248221/,102248221,785000,2,3,120
https://www.idealista.com/inmueble/103328040/,103328040,1950000,3,4,175
https://www.idealista.com/inmueble/104153605/,104153605,1320000,2,3,140
https://www.idealista.com/inmueble/103471317/,103471317,1680000,3,3,214
https://www.idealista.com/inmueble/103984291/,103984291,465000,2,2,104
https://www.idealista.com/inmueble/103158618/,103158618,1600000,4,4,249
https://www.idealista.com/inmueble/103692239/,103692239,1150000,3,3,133
https://www.idealista.com/inmueble/97957477/,97957477,210000,3,3,153
https://www.idealista.com/inmueble/103676738/,103676738,795000,2,3,146
https://www.idealista.com/inmueble/103392553/,103392553,500000,2,2,99
https://www.idealista.com/inmueble/103494183/,103494183,865000,2,2,127
https://www.idealista.com/inmueble/99991709/,99991709,990000,4,6,293
https://www.idealista.com/inmueble/103315777/,103315777,1080000,2,4,270
